<keymap version="1" name="Ian IntelliJ" parent="Mac OS X 10.5+">
  <action id="ActivateDebugToolWindow">
    <keyboard-shortcut first-keystroke="alt x" />
  </action>
  <action id="ActivateProblemsViewToolWindow">
    <keyboard-shortcut first-keystroke="alt 5" />
  </action>
  <action id="ActivateProjectToolWindow">
    <keyboard-shortcut first-keystroke="alt 1" />
  </action>
  <action id="ActivateTerminalToolWindow">
    <keyboard-shortcut first-keystroke="alt z" />
  </action>
  <action id="ActivateVersionControlToolWindow">
    <keyboard-shortcut first-keystroke="alt 4" />
  </action>
  <action id="Debug">
    <keyboard-shortcut first-keystroke="alt a" />
  </action>
  <action id="GotoDeclaration">
    <mouse-shortcut keystroke="meta button1" />
    <mouse-shortcut keystroke="Force touch" />
    <mouse-shortcut keystroke="button2" />
    <keyboard-shortcut first-keystroke="alt d" />
  </action>
  <action id="LocalHistory.ShowHistory">
    <keyboard-shortcut first-keystroke="alt h" />
  </action>
  <action id="RenameElement">
    <keyboard-shortcut first-keystroke="alt s" />
  </action>
  <action id="RevealIn">
    <keyboard-shortcut first-keystroke="alt v" />
  </action>
  <action id="Run">
    <keyboard-shortcut first-keystroke="alt p" />
  </action>
  <action id="ShowUsages">
    <keyboard-shortcut first-keystroke="alt f" />
  </action>
  <action id="WelcomeScreen.RevealIn">
    <keyboard-shortcut first-keystroke="alt v" />
  </action>
</keymap>