<keymap version="1" name="Izumisan v0.3" parent="Mac OS X 10.5+">
  <action id="ActivateBookmarksToolWindow" />
  <action id="ActivateCommitToolWindow">
    <keyboard-shortcut first-keystroke="alt 2" />
  </action>
  <action id="ActivateDebugToolWindow">
    <keyboard-shortcut first-keystroke="shift alt 3" />
  </action>
  <action id="ActivateFindToolWindow" />
  <action id="ActivateProblemsViewToolWindow">
    <keyboard-shortcut first-keystroke="alt 4" />
  </action>
  <action id="ActivateProjectToolWindow">
    <keyboard-shortcut first-keystroke="alt 1" />
  </action>
  <action id="ActivateRunToolWindow">
    <keyboard-shortcut first-keystroke="alt 3" />
  </action>
  <action id="ActivateServicesToolWindow" />
  <action id="ActivateStructureToolWindow">
    <keyboard-shortcut first-keystroke="shift alt 1" />
  </action>
  <action id="ActivateTODOToolWindow">
    <keyboard-shortcut first-keystroke="shift alt 4" />
  </action>
  <action id="ActivateTerminalToolWindow">
    <keyboard-shortcut first-keystroke="alt z" />
  </action>
  <action id="ActivateVersionControlToolWindow">
    <keyboard-shortcut first-keystroke="shift alt 2" />
  </action>
  <action id="CloseActiveTab">
    <keyboard-shortcut first-keystroke="alt a" />
  </action>
  <action id="CompileDirty">
    <keyboard-shortcut first-keystroke="meta b" />
  </action>
  <action id="Debug">
    <keyboard-shortcut first-keystroke="shift meta r" />
  </action>
  <action id="DuplicatesForm.SendToLeft" />
  <action id="DuplicatesForm.SendToRight" />
  <action id="FileChooser.GotoHome" />
  <action id="FileChooser.GotoModule" />
  <action id="FileChooser.GotoProject" />
  <action id="Github.PullRequest.Comments.Reload" />
  <action id="Github.PullRequest.Details.Reload" />
  <action id="GoToLastTab">
    <keyboard-shortcut first-keystroke="meta 9" />
  </action>
  <action id="GoToTab1">
    <keyboard-shortcut first-keystroke="meta 1" />
  </action>
  <action id="GoToTab2">
    <keyboard-shortcut first-keystroke="meta 2" />
  </action>
  <action id="GoToTab3">
    <keyboard-shortcut first-keystroke="meta 3" />
  </action>
  <action id="GoToTab4">
    <keyboard-shortcut first-keystroke="meta 4" />
  </action>
  <action id="GoToTab5">
    <keyboard-shortcut first-keystroke="meta 5" />
  </action>
  <action id="GoToTab6">
    <keyboard-shortcut first-keystroke="meta 6" />
  </action>
  <action id="GoToTab7">
    <keyboard-shortcut first-keystroke="meta 7" />
  </action>
  <action id="GoToTab8">
    <keyboard-shortcut first-keystroke="meta 8" />
  </action>
  <action id="GotoDeclaration">
    <mouse-shortcut keystroke="meta button1" />
    <mouse-shortcut keystroke="Force touch" />
    <mouse-shortcut keystroke="button2" />
  </action>
  <action id="GotoDeclarationOnly">
    <keyboard-shortcut first-keystroke="alt d" />
  </action>
  <action id="LocalHistory.ShowHistory">
    <keyboard-shortcut first-keystroke="alt h" />
  </action>
  <action id="NextEditorTab" />
  <action id="NextTab">
    <keyboard-shortcut first-keystroke="alt close_bracket" />
  </action>
  <action id="PreviousEditorTab" />
  <action id="PreviousTab">
    <keyboard-shortcut first-keystroke="alt open_bracket" />
  </action>
  <action id="Refresh" />
  <action id="RenameElement">
    <keyboard-shortcut first-keystroke="alt s" />
  </action>
  <action id="Replace" />
  <action id="ReplaceInPath" />
  <action id="Rerun" />
  <action id="RevealIn">
    <keyboard-shortcut first-keystroke="alt o" />
  </action>
  <action id="Run">
    <keyboard-shortcut first-keystroke="meta r" />
  </action>
  <action id="ShowUsages">
    <keyboard-shortcut first-keystroke="alt f" />
  </action>
  <action id="Svn.RefreshWorkingCopies" />
  <action id="Vcs.Log.Refresh" />
  <action id="WelcomeScreen.RevealIn">
    <keyboard-shortcut first-keystroke="alt v" />
  </action>
  <action id="org.intellij.plugins.markdown.ui.actions.styling.ToggleBoldAction" />
</keymap>