<keymap version="1" name="IanRider v0.2" parent="$default">
  <action id="ActivateBookmarksToolWindow" />
  <action id="ActivateDebugToolWindow">
    <keyboard-shortcut first-keystroke="alt 3" />
  </action>
  <action id="ActivateFindToolWindow" />
  <action id="ActivateProblemsViewToolWindow">
    <keyboard-shortcut first-keystroke="alt 5" />
  </action>
  <action id="ActivateRunToolWindow" />
  <action id="ActivateTerminalToolWindow">
    <keyboard-shortcut first-keystroke="alt 2" />
  </action>
  <action id="ActivateVersionControlToolWindow">
    <keyboard-shortcut first-keystroke="alt 4" />
  </action>
  <action id="CollapseSelection" />
  <action id="Debug">
    <keyboard-shortcut first-keystroke="alt a" />
  </action>
  <action id="EditorChooseLookupItemDot" />
  <action id="GotoDeclaration">
    <mouse-shortcut keystroke="control button1" />
    <mouse-shortcut keystroke="button2" />
    <keyboard-shortcut first-keystroke="alt d" />
  </action>
  <action id="IntroduceField" />
  <action id="QuickImplementations" />
  <action id="RenameElement">
    <keyboard-shortcut first-keystroke="alt s" />
  </action>
  <action id="Replace" />
  <action id="RiderCoveringTestsPopupRunAllAction" />
  <action id="RiderUnitTestRunContextTwAction">
    <keyboard-shortcut first-keystroke="shift enter" />
  </action>
  <action id="Run">
    <keyboard-shortcut first-keystroke="alt e" />
  </action>
  <action id="ShowFilterPopup" />
  <action id="ShowSettings">
    <keyboard-shortcut first-keystroke="ctrl comma" />
  </action>
  <action id="ShowUsages">
    <keyboard-shortcut first-keystroke="alt f" />
  </action>
  <action id="UsageFiltering.ReadAccess" />
  <action id="UsageGrouping.FileStructure" />
</keymap>