<keymap version="1" name="Izumisan v1.0" parent="$default">
  <action id="$Paste">
    <keyboard-shortcut first-keystroke="ctrl v" />
    <keyboard-shortcut first-keystroke="meta v" />
  </action>
  <action id="ActivateBookmarksToolWindow" />
  <action id="ActivateCommitToolWindow">
    <keyboard-shortcut first-keystroke="alt 2" />
  </action>
  <action id="ActivateDebugToolWindow">
    <keyboard-shortcut first-keystroke="shift alt 3" />
  </action>
  <action id="ActivateFindToolWindow" />
  <action id="ActivateProblemsViewToolWindow">
    <keyboard-shortcut first-keystroke="alt 4" />
  </action>
  <action id="ActivateRunToolWindow">
    <keyboard-shortcut first-keystroke="alt 3" />
  </action>
  <action id="ActivateStructureToolWindow">
    <keyboard-shortcut first-keystroke="shift alt 1" />
  </action>
  <action id="ActivateTODOToolWindow">
    <keyboard-shortcut first-keystroke="shift alt 4" />
  </action>
  <action id="ActivateTerminalToolWindow">
    <keyboard-shortcut first-keystroke="alt z" />
  </action>
  <action id="ActivateUnitTestsToolWindow">
    <keyboard-shortcut first-keystroke="alt 5" />
  </action>
  <action id="ActivateVersionControlToolWindow">
    <keyboard-shortcut first-keystroke="shift alt 2" />
  </action>
  <action id="BuildWholeSolutionAction">
    <keyboard-shortcut first-keystroke="meta b" />
  </action>
  <action id="CloseActiveTab">
    <keyboard-shortcut first-keystroke="alt a" />
  </action>
  <action id="CollapseSelection" />
  <action id="Debug">
    <keyboard-shortcut first-keystroke="shift meta r" />
  </action>
  <action id="Editor Paste">
    <keyboard-shortcut first-keystroke="meta v" />
  </action>
  <action id="EditorChooseLookupItemDot" />
  <action id="GoToLastTab">
    <keyboard-shortcut first-keystroke="meta 9" />
  </action>
  <action id="GoToTab1">
    <keyboard-shortcut first-keystroke="meta 1" />
  </action>
  <action id="GoToTab2">
    <keyboard-shortcut first-keystroke="meta 2" />
  </action>
  <action id="GoToTab3">
    <keyboard-shortcut first-keystroke="meta 3" />
  </action>
  <action id="GoToTab4">
    <keyboard-shortcut first-keystroke="meta 4" />
  </action>
  <action id="GoToTab5">
    <keyboard-shortcut first-keystroke="meta 5" />
  </action>
  <action id="GotoDeclaration">
    <mouse-shortcut keystroke="control button1" />
    <mouse-shortcut keystroke="button2" />
    <keyboard-shortcut first-keystroke="alt d" />
  </action>
  <action id="IntroduceField" />
  <action id="NextTab">
    <keyboard-shortcut first-keystroke="alt right" />
    <keyboard-shortcut first-keystroke="alt close_bracket" />
  </action>
  <action id="OpenInRightSplit">
    <keyboard-shortcut first-keystroke="shift enter" />
    <mouse-shortcut keystroke="alt button1 doubleClick" />
    <keyboard-shortcut first-keystroke="meta enter" />
  </action>
  <action id="PreviousTab">
    <keyboard-shortcut first-keystroke="alt left" />
    <keyboard-shortcut first-keystroke="alt open_bracket" />
  </action>
  <action id="QuickImplementations" />
  <action id="RenameElement">
    <keyboard-shortcut first-keystroke="alt s" />
  </action>
  <action id="ReopenClosedTab">
    <keyboard-shortcut first-keystroke="shift meta t" />
  </action>
  <action id="Replace" />
  <action id="RiderCoveringTestsPopupRunAllAction" />
  <action id="RiderUnitTestRunContextTwAction">
    <keyboard-shortcut first-keystroke="shift enter" />
  </action>
  <action id="Run">
    <keyboard-shortcut first-keystroke="meta r" />
  </action>
  <action id="ShowFilterPopup" />
  <action id="ShowSettings">
    <keyboard-shortcut first-keystroke="ctrl comma" />
  </action>
  <action id="ShowUsages">
    <keyboard-shortcut first-keystroke="alt f" />
  </action>
  <action id="UsageFiltering.ReadAccess" />
  <action id="UsageGrouping.FileStructure" />
</keymap>